-- Script was generated by Devart dbForge Studio for MySQL, Version 6.0.128.0
-- Product home page: http://www.devart.com/dbforge/mysql/studio
-- Script date 06/12/2022 7:15:24 pm
-- Server version: 5.5.5-10.4.24-MariaDB
-- Client version: 4.1

-- 
-- Disable foreign keys
-- 
/*!40014 SET @OLD_FOREIGN_KEY_CHECKS=@@FOREIGN_KEY_CHECKS, FOREIGN_KEY_CHECKS=0 */;

-- 
-- Set character set the client will use to send SQL statements to the server
--
SET NAMES 'utf8';

-- 
-- Set default database
--
USE pos;

--
-- Definition for table cart
--
DROP TABLE IF EXISTS cart;
CREATE TABLE cart (
  cartid INT(11) NOT NULL AUTO_INCREMENT,
  INID INT(11) NOT NULL,
  Product_Name VARCHAR(50) NOT NULL,
  Bar_code VARCHAR(50) NOT NULL,
  qty VARCHAR(20) NOT NULL,
  Unit_Price VARCHAR(20) NOT NULL,
  Total_Price VARCHAR(20) NOT NULL,
  PRIMARY KEY (cartid)
)
ENGINE = INNODB
AUTO_INCREMENT = 69
AVG_ROW_LENGTH = 240
CHARACTER SET latin1
COLLATE latin1_swedish_ci
ROW_FORMAT = DYNAMIC;

--
-- Definition for table customer
--
DROP TABLE IF EXISTS customer;
CREATE TABLE customer (
  cid INT(11) NOT NULL AUTO_INCREMENT,
  customer_name VARCHAR(50) NOT NULL,
  Tp_Number VARCHAR(10) NOT NULL,
  PRIMARY KEY (cid)
)
ENGINE = INNODB
AUTO_INCREMENT = 10
AVG_ROW_LENGTH = 2730
CHARACTER SET latin1
COLLATE latin1_swedish_ci
ROW_FORMAT = DYNAMIC;

--
-- Definition for table employee
--
DROP TABLE IF EXISTS employee;
CREATE TABLE employee (
  eid INT(11) NOT NULL AUTO_INCREMENT,
  Employee_Name VARCHAR(50) NOT NULL,
  Tp_Number VARCHAR(10) NOT NULL,
  PRIMARY KEY (eid)
)
ENGINE = INNODB
AUTO_INCREMENT = 5
AVG_ROW_LENGTH = 4096
CHARACTER SET latin1
COLLATE latin1_swedish_ci
ROW_FORMAT = DYNAMIC;

--
-- Definition for table extra
--
DROP TABLE IF EXISTS extra;
CREATE TABLE extra (
  exid INT(11) NOT NULL AUTO_INCREMENT,
  val VARCHAR(10) NOT NULL,
  PRIMARY KEY (exid)
)
ENGINE = INNODB
AUTO_INCREMENT = 2
AVG_ROW_LENGTH = 16384
CHARACTER SET latin1
COLLATE latin1_swedish_ci
ROW_FORMAT = DYNAMIC;

--
-- Definition for table product
--
DROP TABLE IF EXISTS product;
CREATE TABLE product (
  pid INT(11) NOT NULL AUTO_INCREMENT,
  Product_Name VARCHAR(50) NOT NULL,
  Bar_code VARCHAR(20) NOT NULL,
  Price VARCHAR(10) NOT NULL,
  Qty VARCHAR(10) NOT NULL,
  Sid INT(11) NOT NULL,
  PRIMARY KEY (pid)
)
ENGINE = INNODB
AUTO_INCREMENT = 6
AVG_ROW_LENGTH = 3276
CHARACTER SET latin1
COLLATE latin1_swedish_ci
ROW_FORMAT = DYNAMIC;

--
-- Definition for table sales
--
DROP TABLE IF EXISTS sales;
CREATE TABLE sales (
  saleid INT(11) NOT NULL AUTO_INCREMENT,
  INID INT(11) NOT NULL,
  Cid INT(11) NOT NULL,
  Customer_Name VARCHAR(50) NOT NULL,
  Total_Qty VARCHAR(10) NOT NULL,
  Total_Bill VARCHAR(10) NOT NULL,
  Status VARCHAR(10) NOT NULL,
  Balance VARCHAR(10) NOT NULL,
  PRIMARY KEY (saleid)
)
ENGINE = INNODB
AUTO_INCREMENT = 17
AVG_ROW_LENGTH = 1024
CHARACTER SET latin1
COLLATE latin1_swedish_ci
ROW_FORMAT = DYNAMIC;

--
-- Definition for table supplier
--
DROP TABLE IF EXISTS supplier;
CREATE TABLE supplier (
  sid INT(11) NOT NULL AUTO_INCREMENT,
  supplier_Name VARCHAR(50) NOT NULL,
  Tp_Number VARCHAR(10) NOT NULL,
  PRIMARY KEY (sid)
)
ENGINE = INNODB
AUTO_INCREMENT = 5
AVG_ROW_LENGTH = 4096
CHARACTER SET latin1
COLLATE latin1_swedish_ci
ROW_FORMAT = DYNAMIC;

-- 
-- Dumping data for table cart
--
INSERT INTO cart VALUES

(66, 10, 'Shoe', '100200', '2', '10', '20.0'),
(67, 11, 'Sandals', '0', '2', '00.00', '0.0'),
(68, 11, 'Sandals', '0', '2', '00.00', '0.0');

-- 
-- Dumping data for table customer
--
INSERT INTO customer VALUES
(1, 'test', '12345'),
(2, 'baby boy', '9900-111'),
(3, 'smith', '789-456-1'),
(6, 'saman', '77-88-9'),
(8, 'jack', '78-2222'),
(9, 'sam', '999-9988');

-- 
-- Dumping data for table employee
--
INSERT INTO employee VALUES
(1, 'emp test', '111-222'),
(2, 'andy gray', '978-45'),
(3, 'chelcy', '45-56'),
(4, 'gooncy', '777-5-6');

-- 
-- Dumping data for table extra
--
INSERT INTO extra VALUES
(1, '11');

-- 
-- Dumping data for table product
--
INSERT INTO product VALUES
(1, 'Sandals', '100100', '200', '10', 2),
(2, 'Shoe', '100200', '10', '8', 1),
(3, 'Slippers', '100500', '50', '12', 3),
(4, 'Lether', '12354', '13', '3', 2),
(5, 'Boots', '123546', '18', '30', 3);

-- 
-- Dumping data for table sales
--
INSERT INTO sales VALUES
(1, 1, 3, 'smith', '25.0', '250.0', 'Reserved', '-1050.0'),
(2, 1, 6, 'saman', '9.0', '30.0', 'Partial', '-40.0'),
(3, 1, 8, 'jack', '9.0', '150.0', 'Reserved', '0.0'),
(4, 1, 8, 'jack', '8.0', '400.0', 'Paid', '0.0'),
(5, 1, 2, 'baby boy', '4.0', '400.0', 'Paid', '0.0'),
(6, 2, 6, 'saman', '135.0', '450.0', 'Paid', '0.0'),
(7, 3, 2, 'baby boy', '6.0', '20.0', 'Partial', '-10.0'),
(8, 4, 3, 'smith', '4.0', '200.0', 'Reserved', '-200.0'),
(9, 5, 2, 'baby boy', '18.0', '600.0', 'Reserved', '-1890.0'),
(10, 6, 6, 'saman', '12.0', '40.0', 'Reserved', '-120.0'),
(11, 7, 3, 'smith', '18.0', '1560.0', 'Reserved', '-1560.0'),
(12, 8, 3, 'smith', '13.0', '1280.0', 'Partial', '-280.0'),
(13, 9, 8, 'jack', '52.0', '1661.0', 'Partial', '-1611.0'),
(14, 10, 2, 'baby boy', '2.0', '20.0', 'Paid', '103.0'),
(15, 11, 3, 'smith', '2.0', '0.0', 'Reserved', '0.0'),
(16, 11, 3, 'smith', '2.0', '0.0', 'UnPaid', '0.0');

-- 
-- Dumping data for table supplier
--
INSERT INTO supplier VALUES
(1, 'sup test', '1100'),
(2, 'mike', '`456-7854'),
(3, 'albert', '789-88'),
(4, 'baby', '222-33');

-- 
-- Enable foreign keys
-- 
/*!40014 SET FOREIGN_KEY_CHECKS=@OLD_FOREIGN_KEY_CHECKS */;